id,integral_strain_stress_param1,x,y,z
0,2.2333288904581e-10,0.0005,0.0005,0
1,-1.0739437905418e-09,0.0015,0.0005,0
2,-1.716261777647e-09,0.0025,0.0005,0
3,2.8001410447996e-09,0.0035,0.0005,0
4,5.0819427694636e-09,0.0045,0.0005,0
5,-6.8302477084443e-09,0.0055,0.0005,0
6,-1.6778174264535e-08,0.0065,0.0005,0
7,4.3585982884787e-09,0.0075,0.0005,0
8,4.133791108724e-08,0.0085,0.0005,0
9,3.8891367132991e-08,0.0095,0.0005,0
10,-1.8840765624895e-08,0.0105,0.0005,0
11,-6.194948372532e-08,0.0115,0.0005,0
12,-3.8202001349413e-08,0.0125,0.0005,0
13,-1.7364313712107e-07,0.0135,0.0005,0
14,-9.6979755669582e-07,0.0145,0.0005,0
15,-9.6979755669582e-07,0.0155,0.0005,0
16,-1.7364313712107e-07,0.0165,0.0005,0
17,-3.8202001349413e-08,0.0175,0.0005,0
18,-6.194948372532e-08,0.0185,0.0005,0
19,-1.8840765624896e-08,0.0195,0.0005,0
20,3.8891367132991e-08,0.0205,0.0005,0
21,4.133791108724e-08,0.0215,0.0005,0
22,4.3585982884789e-09,0.0225,0.0005,0
23,-1.6778174264535e-08,0.0235,0.0005,0
24,-6.8302477084442e-09,0.0245,0.0005,0
25,5.0819427694636e-09,0.0255,0.0005,0
26,2.8001410447996e-09,0.0265,0.0005,0
27,-1.716261777647e-09,0.0275,0.0005,0
28,-1.0739437905418e-09,0.0285,0.0005,0
29,2.2333288904581e-10,0.0295,0.0005,0
30,-1.1799391323267e-09,0.0005,0.0015,0
31,-6.7868746197599e-10,0.0015,0.0015,0
32,3.6771142205229e-09,0.0025,0.0015,0
33,-1.8286185264503e-09,0.0035,0.0015,0
34,-9.9644746220108e-09,0.0045,0.0015,0
35,7.3634280761074e-09,0.0055,0.0015,0
36,2.2735380624282e-08,0.0065,0.0015,0
37,-9.9459477275132e-09,0.0075,0.0015,0
38,-4.9061372963276e-08,0.0085,0.0015,0
39,-2.3696412304262e-08,0.0095,0.0015,0
40,5.4121060770061e-08,0.0105,0.0015,0
41,1.3083986832334e-07,0.0115,0.0015,0
42,1.6991668858281e-07,0.0125,0.0015,0
43,-9.723562316314e-09,0.0135,0.0015,0
44,-8.6757086091132e-07,0.0145,0.0015,0
45,-8.6757086091132e-07,0.0155,0.0015,0
46,-9.723562316312e-09,0.0165,0.0015,0
47,1.6991668858281e-07,0.0175,0.0015,0
48,1.3083986832334e-07,0.0185,0.0015,0
49,5.4121060770061e-08,0.0195,0.0015,0
50,-2.3696412304261e-08,0.0205,0.0015,0
51,-4.9061372963276e-08,0.0215,0.0015,0
52,-9.9459477275134e-09,0.0225,0.0015,0
53,2.2735380624282e-08,0.0235,0.0015,0
54,7.3634280761074e-09,0.0245,0.0015,0
55,-9.9644746220107e-09,0.0255,0.0015,0
56,-1.8286185264503e-09,0.0265,0.0015,0
57,3.6771142205229e-09,0.0275,0.0015,0
58,-6.7868746197599e-10,0.0285,0.0015,0
59,-1.1799391323267e-09,0.0295,0.0015,0
60,-1.6827649047366e-09,0.0005,0.0025,0
61,4.1630884214072e-09,0.0015,0.0025,0
62,-3.6253640887423e-09,0.0025,0.0025,0
63,-1.0802070515588e-08,0.0035,0.0025,0
64,2.0087339810563e-08,0.0045,0.0025,0
65,2.2801659320849e-08,0.0055,0.0025,0
66,-6.3905887373689e-08,0.0065,0.0025,0
67,-7.3405283712734e-08,0.0075,0.0025,0
68,1.067075418702e-07,0.0085,0.0025,0
69,2.262229892123e-07,0.0095,0.0025,0
70,4.9977534190305e-08,0.0105,0.0025,0
71,-1.8394154036369e-07,0.0115,0.0025,0
72,-1.5575068698672e-07,0.0125,0.0025,0
73,-7.1481967386802e-07,0.0135,0.0025,0
74,-4.07252444147e-06,0.0145,0.0025,0
75,-4.0725244414701e-06,0.0155,0.0025,0
76,-7.1481967386801e-07,0.0165,0.0025,0
77,-1.5575068698671e-07,0.0175,0.0025,0
78,-1.8394154036369e-07,0.0185,0.0025,0
79,4.9977534190301e-08,0.0195,0.0025,0
80,2.262229892123e-07,0.0205,0.0025,0
81,1.067075418702e-07,0.0215,0.0025,0
82,-7.3405283712733e-08,0.0225,0.0025,0
83,-6.3905887373688e-08,0.0235,0.0025,0
84,2.2801659320848e-08,0.0245,0.0025,0
85,2.0087339810563e-08,0.0255,0.0025,0
86,-1.0802070515588e-08,0.0265,0.0025,0
87,-3.6253640887423e-09,0.0275,0.0025,0
88,4.1630884214071e-09,0.0285,0.0025,0
89,-1.6827649047366e-09,0.0295,0.0025,0
90,3.6544746607767e-09,0.0005,0.0035,0
91,-2.1001546765805e-09,0.0015,0.0035,0
92,-1.0918722401733e-08,0.0025,0.0035,0
93,2.1983444795779e-08,0.0035,0.0035,0
94,1.829538184566e-08,0.0045,0.0035,0
95,-8.1444461275781e-08,0.0055,0.0035,0
96,-1.8205321411051e-08,0.0065,0.0035,0
97,2.1464258686028e-07,0.0075,0.0035,0
98,9.873401753339e-08,0.0085,0.0035,0
99,-3.7562601356049e-07,0.0095,0.0035,0
100,-5.137625740316e-07,0.0105,0.0035,0
101,1.6668936595318e-07,0.0115,0.0035,0
102,1.2867810093202e-06,0.0125,0.0035,0
103,8.1466184198293e-07,0.0135,0.0035,0
104,-4.8498559471982e-06,0.0145,0.0035,0
105,-4.8498559471982e-06,0.0155,0.0035,0
106,8.1466184198294e-07,0.0165,0.0035,0
107,1.2867810093202e-06,0.0175,0.0035,0
108,1.6668936595318e-07,0.0185,0.0035,0
109,-5.1376257403159e-07,0.0195,0.0035,0
110,-3.7562601356049e-07,0.0205,0.0035,0
111,9.8734017533388e-08,0.0215,0.0035,0
112,2.1464258686028e-07,0.0225,0.0035,0
113,-1.8205321411051e-08,0.0235,0.0035,0
114,-8.144446127578e-08,0.0245,0.0035,0
115,1.829538184566e-08,0.0255,0.0035,0
116,2.1983444795779e-08,0.0265,0.0035,0
117,-1.0918722401733e-08,0.0275,0.0035,0
118,-2.1001546765804e-09,0.0285,0.0035,0
119,3.6544746607767e-09,0.0295,0.0035,0
120,5.0254324982457e-09,0.0005,0.0045,0
121,-1.1950829294859e-08,0.0015,0.0045,0
122,2.1596979285644e-08,0.0025,0.0045,0
123,1.8683995822882e-08,0.0035,0.0045,0
124,-9.0640958911702e-08,0.0045,0.0045,0
125,3.4412654680767e-08,0.0055,0.0045,0
126,2.6203807223633e-07,0.0065,0.0045,0
127,-2.205842080969e-07,0.0075,0.0045,0
128,-6.4554045826749e-07,0.0085,0.0045,0
129,2.5287453737653e-07,0.0095,0.0045,0
130,1.2596533261864e-06,0.0105,0.0045,0
131,1.3420295710198e-06,0.0115,0.0045,0
132,9.0920032053575e-07,0.0125,0.0045,0
133,-3.0689281946204e-06,0.0135,0.0045,0
134,-1.9231680017333e-05,0.0145,0.0045,0
135,-1.9231680017332e-05,0.0155,0.0045,0
136,-3.0689281946203e-06,0.0165,0.0045,0
137,9.0920032053574e-07,0.0175,0.0045,0
138,1.3420295710198e-06,0.0185,0.0045,0
139,1.2596533261864e-06,0.0195,0.0045,0
140,2.5287453737655e-07,0.0205,0.0045,0
141,-6.4554045826749e-07,0.0215,0.0045,0
142,-2.205842080969e-07,0.0225,0.0045,0
143,2.6203807223633e-07,0.0235,0.0045,0
144,3.4412654680767e-08,0.0245,0.0045,0
145,-9.0640958911703e-08,0.0255,0.0045,0
146,1.8683995822883e-08,0.0265,0.0045,0
147,2.1596979285644e-08,0.0275,0.0045,0
148,-1.1950829294859e-08,0.0285,0.0045,0
149,5.0254324982457e-09,0.0295,0.0045,0
150,-1.109024973223e-08,0.0005,0.0055,0
151,1.0289979485962e-08,0.0015,0.0055,0
152,2.2316520024912e-08,0.0025,0.0055,0
153,-8.9739063615727e-08,0.0035,0.0055,0
154,3.2888221829365e-08,0.0045,0.0055,0
155,2.8086305350522e-07,0.0055,0.0055,0
156,-4.0206121178189e-07,0.0065,0.0055,0
157,-6.4098859345384e-07,0.0075,0.0055,0
158,1.4456364500166e-06,0.0085,0.0055,0
159,1.4054129148223e-06,0.0095,0.0055,0
160,-2.5796114349757e-06,0.0105,0.0055,0
161,-3.0755866555606e-06,0.0115,0.0055,0
162,1.5904359454807e-06,0.0125,0.0055,0
163,1.486472568899e-07,0.0135,0.0055,0
164,-2.9567277127399e-05,0.0145,0.0055,0
165,-2.9567277127399e-05,0.0155,0.0055,0
166,1.4864725689e-07,0.0165,0.0055,0
167,1.5904359454807e-06,0.0175,0.0055,0
168,-3.0755866555606e-06,0.0185,0.0055,0
169,-2.5796114349757e-06,0.0195,0.0055,0
170,1.4054129148223e-06,0.0205,0.0055,0
171,1.4456364500166e-06,0.0215,0.0055,0
172,-6.4098859345384e-07,0.0225,0.0055,0
173,-4.0206121178189e-07,0.0235,0.0055,0
174,2.8086305350522e-07,0.0245,0.0055,0
175,3.2888221829364e-08,0.0255,0.0055,0
176,-8.9739063615727e-08,0.0265,0.0055,0
177,2.2316520024912e-08,0.0275,0.0055,0
178,1.0289979485962e-08,0.0285,0.0055,0
179,-1.109024973223e-08,0.0295,0.0055,0
180,-1.8104936803372e-08,0.0005,0.0065,0
181,2.8916959306903e-08,0.0015,0.0065,0
182,-8.0536814141828e-08,0.0025,0.0065,0
183,-1.2886038237415e-08,0.0035,0.0065,0
184,2.7860183359777e-07,0.0045,0.0065,0
185,-3.8953263405374e-07,0.0055,0.0065,0
186,-6.0197119859763e-07,0.0065,0.0065,0
187,1.8948333312801e-06,0.0075,0.0065,0
188,8.2226293428581e-07,0.0085,0.0065,0
189,-5.993021490494e-06,0.0095,0.0065,0
190,-1.5558304631701e-06,0.0105,0.0065,0
191,1.3231023414185e-05,0.0115,0.0065,0
192,1.7153330415807e-05,0.0125,0.0065,0
193,-7.9815234993515e-09,0.0135,0.0065,0
194,-7.5128493579379e-05,0.0145,0.0065,0
195,-7.5128493579379e-05,0.0155,0.0065,0
196,-7.981523499069e-09,0.0165,0.0065,0
197,1.7153330415807e-05,0.0175,0.0065,0
198,1.3231023414185e-05,0.0185,0.0065,0
199,-1.55583046317e-06,0.0195,0.0065,0
200,-5.9930214904941e-06,0.0205,0.0065,0
201,8.2226293428576e-07,0.0215,0.0065,0
202,1.8948333312801e-06,0.0225,0.0065,0
203,-6.0197119859763e-07,0.0235,0.0065,0
204,-3.8953263405374e-07,0.0245,0.0065,0
205,2.7860183359777e-07,0.0255,0.0065,0
206,-1.2886038237416e-08,0.0265,0.0065,0
207,-8.0536814141828e-08,0.0275,0.0065,0
208,2.8916959306903e-08,0.0285,0.0065,0
209,-1.8104936803373e-08,0.0295,0.0065,0
210,2.2587786955139e-08,0.0005,0.0075,0
211,-2.3750785991205e-08,0.0015,0.0075,0
212,-6.6125473164184e-08,0.0025,0.0075,0
213,2.6842990215137e-07,0.0035,0.0075,0
214,-2.6475704404624e-07,0.0045,0.0075,0
215,-6.1461348602012e-07,0.0055,0.0075,0
216,1.7974704055993e-06,0.0065,0.0075,0
217,2.3173789147932e-07,0.0075,0.0075,0
218,-6.2563473134247e-06,0.0085,0.0075,0
219,2.1323819627687e-06,0.0095,0.0075,0
220,1.7648411848732e-05,0.0105,0.0075,0
221,-1.1702741597968e-05,0.0115,0.0075,0
222,-2.6838464458034e-05,0.0125,0.0075,0
223,-2.4895977779927e-05,0.0135,0.0075,0
224,-0.00011663902571375,0.0145,0.0075,0
225,-0.00011663902571375,0.0155,0.0075,0
226,-2.4895977779927e-05,0.0165,0.0075,0
227,-2.6838464458034e-05,0.0175,0.0075,0
228,-1.1702741597968e-05,0.0185,0.0075,0
229,1.7648411848732e-05,0.0195,0.0075,0
230,2.1323819627689e-06,0.0205,0.0075,0
231,-6.2563473134247e-06,0.0215,0.0075,0
232,2.3173789147931e-07,0.0225,0.0075,0
233,1.7974704055993e-06,0.0235,0.0075,0
234,-6.1461348602012e-07,0.0245,0.0075,0
235,-2.6475704404624e-07,0.0255,0.0075,0
236,2.6842990215137e-07,0.0265,0.0075,0
237,-6.6125473164185e-08,0.0275,0.0075,0
238,-2.3750785991204e-08,0.0285,0.0075,0
239,2.2587786955139e-08,0.0295,0.0075,0
240,7.1915702853932e-08,0.0005,0.0085,0
241,-7.6200874441932e-08,0.0015,0.0085,0
242,2.194287563428e-07,0.0025,0.0085,0
243,3.03404985203e-08,0.0035,0.0085,0
244,-7.5184627017234e-07,0.0045,0.0085,0
245,1.6546386365241e-06,0.0055,0.0085,0
246,2.1970725389036e-07,0.0065,0.0085,0
247,-6.0212130863335e-06,0.0075,0.0085,0
248,5.9183520456796e-06,0.0085,0.0085,0
249,1.5169152846935e-05,0.0095,0.0085,0
250,-2.9499986500703e-05,0.0105,0.0085,0
251,-2.6670611184811e-05,0.0115,0.0085,0
252,5.4475425457039e-05,0.0125,0.0085,0
253,4.2874097257142e-05,0.0135,0.0085,0
254,-6.0455713252671e-05,0.0145,0.0085,0
255,-6.0455713252671e-05,0.0155,0.0085,0
256,4.2874097257142e-05,0.0165,0.0085,0
257,5.4475425457039e-05,0.0175,0.0085,0
258,-2.6670611184811e-05,0.0185,0.0085,0
259,-2.9499986500703e-05,0.0195,0.0085,0
260,1.5169152846935e-05,0.0205,0.0085,0
261,5.9183520456797e-06,0.0215,0.0085,0
262,-6.0212130863335e-06,0.0225,0.0085,0
263,2.1970725389037e-07,0.0235,0.0085,0
264,1.6546386365241e-06,0.0245,0.0085,0
265,-7.5184627017235e-07,0.0255,0.0085,0
266,3.0340498520301e-08,0.0265,0.0085,0
267,2.1942875634279e-07,0.0275,0.0085,0
268,-7.6200874441932e-08,0.0285,0.0085,0
269,7.1915702853932e-08,0.0295,0.0085,0
270,3.4180559287637e-08,0.0005,0.0095,0
271,7.5778858287147e-10,0.0015,0.0095,0
272,3.5875208252433e-07,0.0025,0.0095,0
273,-7.40366809819e-07,0.0035,0.0095,0
274,8.3851191158815e-07,0.0045,0.0095,0
275,1.5227352409181e-06,0.0055,0.0095,0
276,-6.9006067491459e-06,0.0065,0.0095,0
277,6.0536591131457e-06,0.0075,0.0095,0
278,1.5831555131887e-05,0.0085,0.0095,0
279,-4.4909128423956e-05,0.0095,0.0095,0
280,-2.6067253621975e-05,0.0105,0.0095,0
281,8.6439973284338e-05,0.0115,0.0095,0
282,8.3800811003553e-05,0.0125,0.0095,0
283,-2.0109418868926e-05,0.0135,0.0095,0
284,-0.00028068405875933,0.0145,0.0095,0
285,-0.00028068405875933,0.0155,0.0095,0
286,-2.0109418868926e-05,0.0165,0.0095,0
287,8.3800811003553e-05,0.0175,0.0095,0
288,8.6439973284338e-05,0.0185,0.0095,0
289,-2.6067253621974e-05,0.0195,0.0095,0
290,-4.4909128423957e-05,0.0205,0.0095,0
291,1.5831555131887e-05,0.0215,0.0095,0
292,6.0536591131457e-06,0.0225,0.0095,0
293,-6.900606749146e-06,0.0235,0.0095,0
294,1.5227352409181e-06,0.0245,0.0095,0
295,8.3851191158815e-07,0.0255,0.0095,0
296,-7.4036680981901e-07,0.0265,0.0095,0
297,3.5875208252433e-07,0.0275,0.0095,0
298,7.5778858287041e-10,0.0285,0.0095,0
299,3.4180559287637e-08,0.0295,0.0095,0
300,-1.1103670788525e-07,0.0005,0.0105,0
301,1.6412345346849e-07,0.0015,0.0105,0
302,-9.3968989092673e-08,0.0025,0.0105,0
303,-7.8688032236234e-07,0.0035,0.0105,0
304,2.8435548326102e-06,0.0045,0.0105,0
305,-5.0045041208742e-06,0.0055,0.0105,0
306,1.5389046039049e-07,0.0065,0.0105,0
307,2.4278955513493e-05,0.0075,0.0105,0
308,-4.768987768661e-05,0.0085,0.0105,0
309,-2.8838070186788e-05,0.0095,0.0105,0
310,8.9768866523406e-05,0.0105,0.0105,0
311,7.9733042162413e-05,0.0115,0.0105,0
312,-4.9862304643283e-06,0.0125,0.0105,0
313,-0.00012847915279266,0.0135,0.0105,0
314,-0.00029125859949358,0.0145,0.0105,0
315,-0.00029125859949358,0.0155,0.0105,0
316,-0.00012847915279266,0.0165,0.0105,0
317,-4.9862304643271e-06,0.0175,0.0105,0
318,7.9733042162412e-05,0.0185,0.0105,0
319,8.9768866523405e-05,0.0195,0.0105,0
320,-2.8838070186788e-05,0.0205,0.0105,0
321,-4.7689877686611e-05,0.0215,0.0105,0
322,2.4278955513493e-05,0.0225,0.0105,0
323,1.5389046039046e-07,0.0235,0.0105,0
324,-5.0045041208742e-06,0.0245,0.0105,0
325,2.8435548326102e-06,0.0255,0.0105,0
326,-7.8688032236234e-07,0.0265,0.0105,0
327,-9.396898909267e-08,0.0275,0.0105,0
328,1.6412345346848e-07,0.0285,0.0105,0
329,-1.1103670788525e-07,0.0295,0.0105,0
330,-2.7239286773318e-07,0.0005,0.0115,0
331,2.4729921642995e-07,0.0015,0.0115,0
332,-9.075926490932e-07,0.0025,0.0115,0
333,4.7809260955195e-07,0.0035,0.0115,0
334,1.6614710067412e-06,0.0045,0.0115,0
335,-9.618757255946e-06,0.0055,0.0115,0
336,2.271186750013e-05,0.0065,0.0115,0
337,-3.0863086792141e-05,0.0075,0.0115,0
338,-4.7636565579573e-05,0.0085,0.0115,0
339,8.0746614704966e-05,0.0095,0.0115,0
340,8.8359938550976e-05,0.0105,0.0115,0
341,1.5220844980086e-05,0.0115,0.0115,0
342,-7.7619436062089e-05,0.0125,0.0115,0
343,-6.8552120023963e-05,0.0135,0.0115,0
344,-0.00014290392264941,0.0145,0.0115,0
345,-0.00014290392264941,0.0155,0.0115,0
346,-6.8552120023961e-05,0.0165,0.0115,0
347,-7.7619436062088e-05,0.0175,0.0115,0
348,1.5220844980085e-05,0.0185,0.0115,0
349,8.8359938550974e-05,0.0195,0.0115,0
350,8.0746614704967e-05,0.0205,0.0115,0
351,-4.7636565579573e-05,0.0215,0.0115,0
352,-3.0863086792141e-05,0.0225,0.0115,0
353,2.271186750013e-05,0.0235,0.0115,0
354,-9.618757255946e-06,0.0245,0.0115,0
355,1.6614710067412e-06,0.0255,0.0115,0
356,4.7809260955194e-07,0.0265,0.0115,0
357,-9.075926490932e-07,0.0275,0.0115,0
358,2.4729921642995e-07,0.0285,0.0115,0
359,-2.7239286773318e-07,0.0295,0.0115,0
360,-3.5268930111074e-07,0.0005,0.0125,0
361,1.7284992167922e-07,0.0015,0.0125,0
362,-1.5102489536588e-06,0.0025,0.0125,0
363,2.1696163121264e-06,0.0035,0.0125,0
364,-2.5885690923251e-06,0.0045,0.0125,0
365,-5.2080280434572e-06,0.0055,0.0125,0
366,3.1174412458762e-05,0.0065,0.0125,0
367,-8.7805062929437e-05,0.0075,0.0125,0
368,3.6912178905524e-05,0.0085,0.0125,0
369,0.00010486497779956,0.0095,0.0125,0
370,7.3716066083509e-05,0.0105,0.0125,0
371,-1.9439114848808e-05,0.0115,0.0125,0
372,1.7308261548461e-05,0.0125,0.0125,0
373,5.2839380386014e-05,0.0135,0.0125,0
374,-5.1370370463205e-05,0.0145,0.0125,0
375,-5.1370370463206e-05,0.0155,0.0125,0
376,5.2839380386016e-05,0.0165,0.0125,0
377,1.7308261548461e-05,0.0175,0.0125,0
378,-1.9439114848808e-05,0.0185,0.0125,0
379,7.3716066083507e-05,0.0195,0.0125,0
380,0.00010486497779956,0.0205,0.0125,0
381,3.6912178905526e-05,0.0215,0.0125,0
382,-8.7805062929437e-05,0.0225,0.0125,0
383,3.1174412458762e-05,0.0235,0.0125,0
384,-5.2080280434572e-06,0.0245,0.0125,0
385,-2.5885690923252e-06,0.0255,0.0125,0
386,2.1696163121264e-06,0.0265,0.0125,0
387,-1.5102489536588e-06,0.0275,0.0125,0
388,1.7284992167922e-07,0.0285,0.0125,0
389,-3.5268930111074e-07,0.0295,0.0125,0
390,-3.3580946808435e-07,0.0005,0.0135,0
391,-4.3200013177755e-09,0.0015,0.0135,0
392,-1.644274949124e-06,0.0025,0.0135,0
393,3.284794533057e-06,0.0035,0.0135,0
394,-7.0463731702076e-06,0.0045,0.0135,0
395,4.7953133471568e-06,0.0055,0.0135,0
396,1.864756865693e-05,0.0065,0.0135,0
397,-9.3947239211584e-05,0.0075,0.0135,0
398,6.5967974769986e-05,0.0085,0.0135,0
399,0.0001120614151502,0.0095,0.0135,0
400,2.7284902383234e-05,0.0105,0.0135,0
401,3.7095011240957e-05,0.0115,0.0135,0
402,0.0001346421207819,0.0125,0.0135,0
403,6.9740116026826e-05,0.0135,0.0135,0
404,-0.00013267087943949,0.0145,0.0135,0
405,-0.00013267087943949,0.0155,0.0135,0
406,6.9740116026829e-05,0.0165,0.0135,0
407,0.0001346421207819,0.0175,0.0135,0
408,3.709501124096e-05,0.0185,0.0135,0
409,2.7284902383233e-05,0.0195,0.0135,0
410,0.0001120614151502,0.0205,0.0135,0
411,6.5967974769987e-05,0.0215,0.0135,0
412,-9.3947239211583e-05,0.0225,0.0135,0
413,1.864756865693e-05,0.0235,0.0135,0
414,4.7953133471568e-06,0.0245,0.0135,0
415,-7.0463731702076e-06,0.0255,0.0135,0
416,3.284794533057e-06,0.0265,0.0135,0
417,-1.644274949124e-06,0.0275,0.0135,0
418,-4.3200013177762e-09,0.0285,0.0135,0
419,-3.3580946808435e-07,0.0295,0.0135,0
420,-2.7128427214559e-07,0.0005,0.0145,0
421,-1.9517402471802e-07,0.0015,0.0145,0
422,-1.4616477950945e-06,0.0025,0.0145,0
423,3.6493191103718e-06,0.0035,0.0145,0
424,-9.9483467530214e-06,0.0045,0.0145,0
425,1.4488032161656e-05,0.0055,0.0145,0
426,-2.8420517535156e-06,0.0065,0.0145,0
427,-7.1631078994122e-05,0.0075,0.0145,0
428,7.2342577957018e-05,0.0085,0.0145,0
429,4.897409153526e-05,0.0095,0.0145,0
430,-4.9313258537184e-06,0.0105,0.0145,0
431,0.00010214478819155,0.0115,0.0145,0
432,0.00017262791980458,0.0125,0.0145,0
433,-2.9703812485142e-05,0.0135,0.0145,0
434,-0.00042920094068433,0.0145,0.0145,0
435,-0.00042920094068433,0.0155,0.0145,0
436,-2.9703812485138e-05,0.0165,0.0145,0
437,0.00017262791980458,0.0175,0.0145,0
438,0.00010214478819155,0.0185,0.0145,0
439,-4.9313258537172e-06,0.0195,0.0145,0
440,4.897409153526e-05,0.0205,0.0145,0
441,7.2342577957018e-05,0.0215,0.0145,0
442,-7.1631078994122e-05,0.0225,0.0145,0
443,-2.8420517535157e-06,0.0235,0.0145,0
444,1.4488032161656e-05,0.0245,0.0145,0
445,-9.9483467530214e-06,0.0255,0.0145,0
446,3.6493191103718e-06,0.0265,0.0145,0
447,-1.4616477950945e-06,0.0275,0.0145,0
448,-1.9517402471802e-07,0.0285,0.0145,0
449,-2.7128427214559e-07,0.0295,0.0145,0
450,-2.2119087799882e-07,0.0005,0.0155,0
451,-3.4218591326757e-07,0.0015,0.0155,0
452,-1.2678110063592e-06,0.0025,0.0155,0
453,3.6839289092763e-06,0.0035,0.0155,0
454,-1.1376544563589e-05,0.0045,0.0155,0
455,2.0775196737169e-05,0.0055,0.0155,0
456,-2.0265239535831e-05,0.0065,0.0155,0
457,-4.4605770351936e-05,0.0075,0.0155,0
458,4.8058372856862e-05,0.0085,0.0155,0
459,-2.0621690723928e-05,0.0095,0.0155,0
460,-3.796731635187e-06,0.0105,0.0155,0
461,0.00016272005186275,0.0115,0.0155,0
462,0.00018461938608587,0.0125,0.0155,0
463,-0.00014512259458415,0.0135,0.0155,0
464,-0.00087541749245871,0.0145,0.0155,0
465,-0.00087541749245871,0.0155,0.0155,0
466,-0.00014512259458415,0.0165,0.0155,0
467,0.00018461938608587,0.0175,0.0155,0
468,0.00016272005186275,0.0185,0.0155,0
469,-3.7967316351856e-06,0.0195,0.0155,0
470,-2.0621690723929e-05,0.0205,0.0155,0
471,4.8058372856862e-05,0.0215,0.0155,0
472,-4.4605770351935e-05,0.0225,0.0155,0
473,-2.0265239535831e-05,0.0235,0.0155,0
474,2.0775196737169e-05,0.0245,0.0155,0
475,-1.1376544563589e-05,0.0255,0.0155,0
476,3.6839289092763e-06,0.0265,0.0155,0
477,-1.2678110063592e-06,0.0275,0.0155,0
478,-3.4218591326757e-07,0.0285,0.0155,0
479,-2.2119087799882e-07,0.0295,0.0155,0
480,-2.309015891111e-07,0.0005,0.0165,0
481,-4.1362764861812e-07,0.0015,0.0165,0
482,-1.302519195433e-06,0.0025,0.0165,0
483,3.8252352326542e-06,0.0035,0.0165,0
484,-1.1928956697125e-05,0.0045,0.0165,0
485,2.242424505681e-05,0.0055,0.0165,0
486,-2.6302128493113e-05,0.0065,0.0165,0
487,-3.037501909742e-05,0.0075,0.0165,0
488,3.5057217715732e-05,0.0085,0.0165,0
489,-6.6643313967884e-05,0.0095,0.0165,0
490,3.081872420261e-05,0.0105,0.0165,0
491,0.00023199275630067,0.0115,0.0165,0
492,0.00016018979305145,0.0125,0.0165,0
493,-0.00035276178135373,0.0135,0.0165,0
494,-0.0019909165258595,0.0145,0.0165,0
495,-0.0019909165258595,0.0155,0.0165,0
496,-0.00035276178135372,0.0165,0.0165,0
497,0.00016018979305145,0.0175,0.0165,0
498,0.00023199275630067,0.0185,0.0165,0
499,3.0818724202616e-05,0.0195,0.0165,0
500,-6.6643313967884e-05,0.0205,0.0165,0
501,3.5057217715732e-05,0.0215,0.0165,0
502,-3.037501909742e-05,0.0225,0.0165,0
503,-2.6302128493114e-05,0.0235,0.0165,0
504,2.242424505681e-05,0.0245,0.0165,0
505,-1.1928956697125e-05,0.0255,0.0165,0
506,3.8252352326542e-06,0.0265,0.0165,0
507,-1.302519195433e-06,0.0275,0.0165,0
508,-4.1362764861812e-07,0.0285,0.0165,0
509,-2.309015891111e-07,0.0295,0.0165,0
510,-3.1819936100189e-07,0.0005,0.0175,0
511,-3.826121026553e-07,0.0015,0.0175,0
512,-1.6257677159166e-06,0.0025,0.0175,0
513,4.1213168862956e-06,0.0035,0.0175,0
514,-1.1635733676815e-05,0.0045,0.0175,0
515,1.9108263151652e-05,0.0055,0.0175,0
516,-1.7766596633794e-05,0.0065,0.0175,0
517,-4.3624477153928e-05,0.0075,0.0175,0
518,0.00011509687024967,0.0085,0.0175,0
519,-0.00010704273625797,0.0095,0.0175,0
520,6.3129472255859e-05,0.0105,0.0175,0
521,0.00025556632457118,0.0115,0.0175,0
522,3.5764350305131e-05,0.0125,0.0175,0
523,-0.0004680612334673,0.0135,0.0175,0
524,-0.0011622557457335,0.0145,0.0175,0
525,-0.0011622557457335,0.0155,0.0175,0
526,-0.0004680612334673,0.0165,0.0175,0
527,3.5764350305128e-05,0.0175,0.0175,0
528,0.00025556632457117,0.0185,0.0175,0
529,6.3129472255865e-05,0.0195,0.0175,0
530,-0.00010704273625797,0.0205,0.0175,0
531,0.00011509687024967,0.0215,0.0175,0
532,-4.3624477153928e-05,0.0225,0.0175,0
533,-1.7766596633793e-05,0.0235,0.0175,0
534,1.9108263151652e-05,0.0245,0.0175,0
535,-1.1635733676815e-05,0.0255,0.0175,0
536,4.1213168862957e-06,0.0265,0.0175,0
537,-1.6257677159166e-06,0.0275,0.0175,0
538,-3.826121026553e-07,0.0285,0.0175,0
539,-3.1819936100189e-07,0.0295,0.0175,0
540,-4.6129377790649e-07,0.0005,0.0185,0
541,-2.3851637642304e-07,0.0015,0.0185,0
542,-2.08109736408e-06,0.0025,0.0185,0
543,4.2080066801354e-06,0.0035,0.0185,0
544,-9.8720135926594e-06,0.0045,0.0185,0
545,1.092642218519e-05,0.0055,0.0185,0
546,2.9852661819141e-06,0.0065,0.0185,0
547,-6.6391525786e-05,0.0075,0.0185,0
548,0.00010775888603542,0.0085,0.0185,0
549,-0.00017299009211677,0.0095,0.0185,0
550,8.4194275438706e-05,0.0105,0.0185,0
551,0.00022584108736069,0.0115,0.0185,0
552,-3.5383449243464e-05,0.0125,0.0185,0
553,-0.00028525928987619,0.0135,0.0185,0
554,0.00064631848703972,0.0145,0.0185,0
555,0.00064631848703971,0.0155,0.0185,0
556,-0.0002852592898762,0.0165,0.0185,0
557,-3.5383449243469e-05,0.0175,0.0185,0
558,0.00022584108736069,0.0185,0.0185,0
559,8.4194275438711e-05,0.0195,0.0185,0
560,-0.00017299009211677,0.0205,0.0185,0
561,0.00010775888603542,0.0215,0.0185,0
562,-6.6391525786e-05,0.0225,0.0185,0
563,2.9852661819144e-06,0.0235,0.0185,0
564,1.092642218519e-05,0.0245,0.0185,0
565,-9.8720135926593e-06,0.0255,0.0185,0
566,4.2080066801354e-06,0.0265,0.0185,0
567,-2.08109736408e-06,0.0275,0.0185,0
568,-2.3851637642305e-07,0.0285,0.0185,0
569,-4.6129377790649e-07,0.0295,0.0185,0
570,-5.9442099827703e-07,0.0005,0.0195,0
571,-1.7767077246091e-08,0.0015,0.0195,0
572,-2.3512131255927e-06,0.0025,0.0195,0
573,3.6013439679174e-06,0.0035,0.0195,0
574,-6.1690708609582e-06,0.0045,0.0195,0
575,4.8325736771375e-08,0.0055,0.0195,0
576,2.1954660542668e-05,0.0065,0.0195,0
577,-6.364584247411e-05,0.0075,0.0195,0
578,0.00010953568630352,0.0085,0.0195,0
579,-6.8574130940028e-06,0.0095,0.0195,0
580,-1.0018366880815e-05,0.0105,0.0195,0
581,0.00022786488683803,0.0115,0.0195,0
582,1.9692120705656e-05,0.0125,0.0195,0
583,-0.00010713144623973,0.0135,0.0195,0
584,0.0014152816010336,0.0145,0.0195,0
585,0.0014152816010336,0.0155,0.0195,0
586,-0.00010713144623973,0.0165,0.0195,0
587,1.9692120705657e-05,0.0175,0.0195,0
588,0.00022786488683803,0.0185,0.0195,0
589,-1.0018366880813e-05,0.0195,0.0195,0
590,-6.857413094004e-06,0.0205,0.0195,0
591,0.00010953568630352,0.0215,0.0195,0
592,-6.364584247411e-05,0.0225,0.0195,0
593,2.1954660542668e-05,0.0235,0.0195,0
594,4.8325736771442e-08,0.0245,0.0195,0
595,-6.1690708609582e-06,0.0255,0.0195,0
596,3.6013439679173e-06,0.0265,0.0195,0
597,-2.3512131255926e-06,0.0275,0.0195,0
598,-1.7767077246098e-08,0.0285,0.0195,0
599,-5.9442099827703e-07,0.0295,0.0195,0
600,-6.3228350002374e-07,0.0005,0.0205,0
601,1.9117170615183e-07,0.0015,0.0205,0
602,-2.1346648856514e-06,0.0025,0.0205,0
603,2.1451954869281e-06,0.0035,0.0205,0
604,-1.3943725586863e-06,0.0045,0.0205,0
605,-8.2539422257368e-06,0.0055,0.0205,0
606,2.5254276368308e-05,0.0065,0.0205,0
607,-3.6975619393288e-05,0.0075,0.0205,0
608,9.4719404272671e-06,0.0085,0.0205,0
609,9.2645161947203e-05,0.0095,0.0205,0
610,-8.0144062829489e-05,0.0105,0.0205,0
611,0.00034174217520864,0.0115,0.0205,0
612,0.00018494854842607,0.0125,0.0205,0
613,-0.00010886949335907,0.0135,0.0205,0
614,-0.000509139297569,0.0145,0.0205,0
615,-0.000509139297569,0.0155,0.0205,0
616,-0.00010886949335907,0.0165,0.0205,0
617,0.00018494854842607,0.0175,0.0205,0
618,0.00034174217520864,0.0185,0.0205,0
619,-8.0144062829488e-05,0.0195,0.0205,0
620,9.2645161947201e-05,0.0205,0.0205,0
621,9.4719404272682e-06,0.0215,0.0205,0
622,-3.6975619393288e-05,0.0225,0.0205,0
623,2.5254276368308e-05,0.0235,0.0205,0
624,-8.2539422257368e-06,0.0245,0.0205,0
625,-1.3943725586863e-06,0.0255,0.0205,0
626,2.1451954869281e-06,0.0265,0.0205,0
627,-2.1346648856513e-06,0.0275,0.0205,0
628,1.9117170615182e-07,0.0285,0.0205,0
629,-6.3228350002374e-07,0.0295,0.0205,0
630,-5.2238689203797e-07,0.0005,0.0215,0
631,2.897214037575e-07,0.0015,0.0215,0
632,-1.3896087133316e-06,0.0025,0.0215,0
633,3.3724096413767e-07,0.0035,0.0215,0
634,2.3000721545937e-06,0.0045,0.0215,0
635,-9.9522818207811e-06,0.0055,0.0215,0
636,1.4867298640251e-05,0.0065,0.0215,0
637,-3.1830120860574e-06,0.0075,0.0215,0
638,-3.6986992547099e-05,0.0085,0.0215,0
639,7.9911709574552e-05,0.0095,0.0215,0
640,-7.927599019009e-05,0.0105,0.0215,0
641,3.1720563927436e-05,0.0115,0.0215,0
642,0.00037975780683276,0.0125,0.0215,0
643,-1.4310267164903e-05,0.0135,0.0215,0
644,-3.3315768727005e-05,0.0145,0.0215,0
645,-3.3315768727007e-05,0.0155,0.0215,0
646,-1.4310267164903e-05,0.0165,0.0215,0
647,0.00037975780683276,0.0175,0.0215,0
648,3.1720563927436e-05,0.0185,0.0215,0
649,-7.9275990190089e-05,0.0195,0.0215,0
650,7.9911709574552e-05,0.0205,0.0215,0
651,-3.6986992547099e-05,0.0215,0.0215,0
652,-3.1830120860572e-06,0.0225,0.0215,0
653,1.4867298640251e-05,0.0235,0.0215,0
654,-9.9522818207811e-06,0.0245,0.0215,0
655,2.3000721545937e-06,0.0255,0.0215,0
656,3.3724096413763e-07,0.0265,0.0215,0
657,-1.3896087133315e-06,0.0275,0.0215,0
658,2.897214037575e-07,0.0285,0.0215,0
659,-5.2238689203797e-07,0.0295,0.0215,0
660,-2.9167413042377e-07,0.0005,0.0225,0
661,2.3804775665498e-07,0.0015,0.0225,0
662,-4.3119327547292e-07,0.0025,0.0225,0
663,-9.4752115823179e-07,0.0035,0.0225,0
664,3.3262176550891e-06,0.0045,0.0225,0
665,-5.9775730234802e-06,0.0055,0.0225,0
666,1.4415017317401e-06,0.0065,0.0225,0
667,1.4522239494113e-05,0.0075,0.0225,0
668,-3.4878197037029e-05,0.0085,0.0225,0
669,2.4626806893286e-05,0.0095,0.0225,0
670,3.5706499645987e-05,0.0105,0.0225,0
671,-7.8553257057155e-05,0.0115,0.0225,0
672,0.00018055132971803,0.0125,0.0225,0
673,2.0015259841093e-06,0.0135,0.0225,0
674,-0.00013885838926485,0.0145,0.0225,0
675,-0.00013885838926485,0.0155,0.0225,0
676,2.0015259841109e-06,0.0165,0.0225,0
677,0.00018055132971803,0.0175,0.0225,0
678,-7.8553257057155e-05,0.0185,0.0225,0
679,3.5706499645987e-05,0.0195,0.0225,0
680,2.4626806893286e-05,0.0205,0.0225,0
681,-3.4878197037029e-05,0.0215,0.0225,0
682,1.4522239494113e-05,0.0225,0.0225,0
683,1.44150173174e-06,0.0235,0.0225,0
684,-5.9775730234802e-06,0.0245,0.0225,0
685,3.3262176550891e-06,0.0255,0.0225,0
686,-9.4752115823179e-07,0.0265,0.0225,0
687,-4.3119327547291e-07,0.0275,0.0225,0
688,2.3804775665499e-07,0.0285,0.0225,0
689,-2.9167413042377e-07,0.0295,0.0225,0
690,-4.3378992546594e-08,0.0005,0.0235,0
691,9.1920268497632e-08,0.0015,0.0235,0
692,2.7807000965846e-07,0.0025,0.0235,0
693,-1.1875058926315e-06,0.0035,0.0235,0
694,2.0257012918308e-06,0.0045,0.0235,0
695,-6.8709713300303e-07,0.0055,0.0235,0
696,-5.6981453898542e-06,0.0065,0.0235,0
697,1.3376420462385e-05,0.0075,0.0235,0
698,-1.1321079001852e-05,0.0085,0.0235,0
699,-1.7640225266572e-05,0.0095,0.0235,0
700,4.8527343546855e-05,0.0105,0.0235,0
701,-4.0535340687891e-05,0.0115,0.0235,0
702,2.0064930653523e-05,0.0125,0.0235,0
703,0.00014523324616333,0.0135,0.0235,0
704,-4.6763996967372e-05,0.0145,0.0235,0
705,-4.6763996967375e-05,0.0155,0.0235,0
706,0.00014523324616333,0.0165,0.0235,0
707,2.0064930653521e-05,0.0175,0.0235,0
708,-4.053534068789e-05,0.0185,0.0235,0
709,4.8527343546856e-05,0.0195,0.0235,0
710,-1.7640225266572e-05,0.0205,0.0235,0
711,-1.1321079001852e-05,0.0215,0.0235,0
712,1.3376420462385e-05,0.0225,0.0235,0
713,-5.6981453898541e-06,0.0235,0.0235,0
714,-6.8709713300304e-07,0.0245,0.0235,0
715,2.0257012918308e-06,0.0255,0.0235,0
716,-1.1875058926315e-06,0.0265,0.0235,0
717,2.7807000965846e-07,0.0275,0.0235,0
718,9.1920268497634e-08,0.0285,0.0235,0
719,-4.3378992546594e-08,0.0295,0.0235,0
720,1.0806495017006e-07,0.0005,0.0245,0
721,-3.9090258827617e-08,0.0015,0.0245,0
722,4.7062288921108e-07,0.0025,0.0245,0
723,-6.0734039405497e-07,0.0035,0.0245,0
724,1.2995741621826e-07,0.0045,0.0245,0
725,2.1400291381434e-06,0.0055,0.0245,0
726,-4.9773617021919e-06,0.0065,0.0245,0
727,3.1632430968102e-06,0.0075,0.0245,0
728,7.8814323705544e-06,0.0085,0.0245,0
729,-2.2733820139599e-05,0.0095,0.0245,0
730,1.3455391271619e-05,0.0105,0.0245,0
731,2.7532337421898e-05,0.0115,0.0245,0
732,-5.2007334631419e-05,0.0125,0.0245,0
733,7.5148835113803e-06,0.0135,0.0245,0
734,1.5235152394045e-05,0.0145,0.0245,0
735,1.5235152394045e-05,0.0155,0.0245,0
736,7.5148835113812e-06,0.0165,0.0245,0
737,-5.2007334631419e-05,0.0175,0.0245,0
738,2.7532337421898e-05,0.0185,0.0245,0
739,1.3455391271619e-05,0.0195,0.0245,0
740,-2.2733820139599e-05,0.0205,0.0245,0
741,7.8814323705544e-06,0.0215,0.0245,0
742,3.1632430968102e-06,0.0225,0.0245,0
743,-4.9773617021919e-06,0.0235,0.0245,0
744,2.1400291381433e-06,0.0245,0.0245,0
745,1.2995741621827e-07,0.0255,0.0245,0
746,-6.0734039405497e-07,0.0265,0.0245,0
747,4.7062288921107e-07,0.0275,0.0245,0
748,-3.9090258827616e-08,0.0285,0.0245,0
749,1.0806495017006e-07,0.0295,0.0245,0
750,1.1848881484467e-07,0.0005,0.0255,0
751,-7.786221733266e-08,0.0015,0.0255,0
752,2.4823910183065e-07,0.0025,0.0255,0
753,8.6219373489172e-08,0.0035,0.0255,0
754,-7.8311890361109e-07,0.0045,0.0255,0
755,1.6807045038796e-06,0.0055,0.0255,0
756,-5.7880651331239e-07,0.0065,0.0255,0
757,-4.0386894416762e-06,0.0075,0.0255,0
758,8.1198164032268e-06,0.0085,0.0255,0
759,-1.0295624501136e-06,0.0095,0.0255,0
760,-1.744596858832e-05,0.0105,0.0255,0
761,1.5904275237794e-05,0.0115,0.0255,0
762,2.2758322201914e-05,0.0125,0.0255,0
763,-3.1480514589127e-06,0.0135,0.0255,0
764,-5.4756256769909e-06,0.0145,0.0255,0
765,-5.475625676991e-06,0.0155,0.0255,0
766,-3.1480514589127e-06,0.0165,0.0255,0
767,2.2758322201914e-05,0.0175,0.0255,0
768,1.5904275237795e-05,0.0185,0.0255,0
769,-1.744596858832e-05,0.0195,0.0255,0
770,-1.0295624501136e-06,0.0205,0.0255,0
771,8.1198164032268e-06,0.0215,0.0255,0
772,-4.0386894416762e-06,0.0225,0.0255,0
773,-5.7880651331239e-07,0.0235,0.0255,0
774,1.6807045038797e-06,0.0245,0.0255,0
775,-7.8311890361108e-07,0.0255,0.0255,0
776,8.621937348917e-08,0.0265,0.0255,0
777,2.4823910183065e-07,0.0275,0.0255,0
778,-7.786221733266e-08,0.0285,0.0255,0
779,1.1848881484467e-07,0.0295,0.0255,0
780,4.1092310843855e-08,0.0005,0.0265,0
781,-3.230919633336e-08,0.0015,0.0265,0
782,-3.6666265632909e-08,0.0025,0.0265,0
783,3.0514116003597e-07,0.0035,0.0265,0
784,-4.5367774603097e-07,0.0045,0.0265,0
785,-3.7800923905847e-08,0.0055,0.0265,0
786,1.6849749142145e-06,0.0065,0.0265,0
787,-2.445389669528e-06,0.0075,0.0265,0
788,-1.4091751031641e-06,0.0085,0.0265,0
789,7.6971771171813e-06,0.0095,0.0265,0
790,-1.2183379834328e-06,0.0105,0.0265,0
791,-1.2581538611395e-05,0.0115,0.0265,0
792,-3.6647730128041e-06,0.0125,0.0265,0
793,4.5569115842298e-06,0.0135,0.0265,0
794,6.9006973478824e-06,0.0145,0.0265,0
795,6.9006973478823e-06,0.0155,0.0265,0
796,4.5569115842297e-06,0.0165,0.0265,0
797,-3.6647730128044e-06,0.0175,0.0265,0
798,-1.2581538611395e-05,0.0185,0.0265,0
799,-1.2183379834328e-06,0.0195,0.0265,0
800,7.6971771171812e-06,0.0205,0.0265,0
801,-1.4091751031641e-06,0.0215,0.0265,0
802,-2.445389669528e-06,0.0225,0.0265,0
803,1.6849749142145e-06,0.0235,0.0265,0
804,-3.7800923905846e-08,0.0245,0.0265,0
805,-4.5367774603097e-07,0.0255,0.0265,0
806,3.0514116003597e-07,0.0265,0.0265,0
807,-3.6666265632907e-08,0.0275,0.0265,0
808,-3.2309196333361e-08,0.0285,0.0265,0
809,4.1092310843855e-08,0.0295,0.0265,0
810,-2.8097525219176e-08,0.0005,0.0275,0
811,2.1840257168801e-08,0.0015,0.0275,0
812,-1.2071078542541e-07,0.0025,0.0275,0
813,7.8229322783319e-08,0.0035,0.0275,0
814,1.4473931295914e-07,0.0045,0.0275,0
815,-5.4823645465348e-07,0.0055,0.0275,0
816,4.8016909004293e-07,0.0065,0.0275,0
817,9.3079254030386e-07,0.0075,0.0275,0
818,-2.4290020079387e-06,0.0085,0.0275,0
819,-6.9768227155218e-07,0.0095,0.0275,0
820,5.7465121123256e-06,0.0105,0.0275,0
821,4.0562522499317e-06,0.0115,0.0275,0
822,-2.6866608977195e-06,0.0125,0.0275,0
823,-6.3148037054747e-06,0.0135,0.0275,0
824,-7.5688538188785e-06,0.0145,0.0275,0
825,-7.5688538188785e-06,0.0155,0.0275,0
826,-6.3148037054746e-06,0.0165,0.0275,0
827,-2.6866608977193e-06,0.0175,0.0275,0
828,4.0562522499317e-06,0.0185,0.0275,0
829,5.7465121123255e-06,0.0195,0.0275,0
830,-6.9768227155219e-07,0.0205,0.0275,0
831,-2.4290020079387e-06,0.0215,0.0275,0
832,9.3079254030385e-07,0.0225,0.0275,0
833,4.8016909004293e-07,0.0235,0.0275,0
834,-5.4823645465348e-07,0.0245,0.0275,0
835,1.4473931295914e-07,0.0255,0.0275,0
836,7.8229322783319e-08,0.0265,0.0275,0
837,-1.2071078542541e-07,0.0275,0.0275,0
838,2.1840257168801e-08,0.0285,0.0275,0
839,-2.8097525219176e-08,0.0295,0.0275,0
840,-3.7798679431091e-08,0.0005,0.0285,0
841,1.9261312849791e-08,0.0015,0.0285,0
842,-4.8424542668932e-08,0.0025,0.0285,0
843,-9.2174492377227e-08,0.0035,0.0285,0
844,1.9099012521757e-07,0.0045,0.0285,0
845,-4.1706775078124e-08,0.0055,0.0285,0
846,-4.8072335889727e-07,0.0065,0.0285,0
847,4.76544586458e-07,0.0075,0.0285,0
848,6.6868790319398e-07,0.0085,0.0285,0
849,-1.1364087237508e-06,0.0095,0.0285,0
850,-1.0659148964894e-06,0.0105,0.0285,0
851,1.1279836770269e-06,0.0115,0.0285,0
852,2.2065613535908e-06,0.0125,0.0285,0
853,2.1980891887398e-06,0.0135,0.0285,0
854,2.2432054010693e-06,0.0145,0.0285,0
855,2.2432054010693e-06,0.0155,0.0285,0
856,2.1980891887398e-06,0.0165,0.0285,0
857,2.2065613535908e-06,0.0175,0.0285,0
858,1.1279836770268e-06,0.0185,0.0285,0
859,-1.0659148964894e-06,0.0195,0.0285,0
860,-1.1364087237508e-06,0.0205,0.0285,0
861,6.6868790319397e-07,0.0215,0.0285,0
862,4.76544586458e-07,0.0225,0.0285,0
863,-4.8072335889727e-07,0.0235,0.0285,0
864,-4.1706775078127e-08,0.0245,0.0285,0
865,1.9099012521757e-07,0.0255,0.0285,0
866,-9.2174492377226e-08,0.0265,0.0285,0
867,-4.8424542668932e-08,0.0275,0.0285,0
868,1.9261312849791e-08,0.0285,0.0285,0
869,-3.779867943109e-08,0.0295,0.0285,0
870,-1.6000412923694e-08,0.0005,0.0295,0
871,-1.7972762573664e-08,0.0015,0.0295,0
872,1.3100389324126e-08,0.0025,0.0295,0
873,-2.3002638212239e-08,0.0035,0.0295,0
874,-7.0343900865133e-08,0.0045,0.0295,0
875,1.1189395656036e-07,0.0055,0.0295,0
876,1.3319203694308e-07,0.0065,0.0295,0
877,-3.6962856355599e-07,0.0075,0.0295,0
878,-3.4239067332775e-07,0.0085,0.0295,0
879,7.7033372141662e-07,0.0095,0.0295,0
880,1.3232902170466e-06,0.0105,0.0295,0
881,2.6857636535775e-07,0.0115,0.0295,0
882,-1.1918369791556e-06,0.0125,0.0295,0
883,-1.959100153658e-06,0.0135,0.0295,0
884,-2.1820798281706e-06,0.0145,0.0295,0
885,-2.1820798281706e-06,0.0155,0.0295,0
886,-1.959100153658e-06,0.0165,0.0295,0
887,-1.1918369791555e-06,0.0175,0.0295,0
888,2.6857636535777e-07,0.0185,0.0295,0
889,1.3232902170466e-06,0.0195,0.0295,0
890,7.7033372141662e-07,0.0205,0.0295,0
891,-3.4239067332775e-07,0.0215,0.0295,0
892,-3.6962856355599e-07,0.0225,0.0295,0
893,1.3319203694308e-07,0.0235,0.0295,0
894,1.1189395656036e-07,0.0245,0.0295,0
895,-7.0343900865132e-08,0.0255,0.0295,0
896,-2.3002638212239e-08,0.0265,0.0295,0
897,1.3100389324126e-08,0.0275,0.0295,0
898,-1.7972762573663e-08,0.0285,0.0295,0
899,-1.6000412923694e-08,0.0295,0.0295,0
